"","time","I","D","I_.25","D_.25","I_.5","D_.5","I_.6","D_.6","I_.7","D_.7","I_.8","D_.8"
"1",0,1000,0,1000,0,1000,0,1000,0,1000,0,1000,0
"2",1,893.866030899861,6.72290670839753,891.8321750158,6.71788222938326,889.799903263314,6.71286006242905,888.987437837689,6.7108518447206,888.175225585665,6.70884399879618,887.363266422592,6.70683652528495
"3",2,844.760064941373,12.9045400978484,837.629711695134,12.8682563832025,830.521263892104,12.8320383963995,827.684009465963,12.817569582443,824.850251062793,12.803111262195,822.019986136934,12.7886634294323
"4",3,834.685321610676,18.8833380600519,820.354157012688,18.7714797214726,806.119792923195,18.6600659470815,800.453062917614,18.6156246071684,794.801732483128,18.5712540903375,789.165776316267,18.5269543099841
"5",4,852.013427459078,24.8935402055402,828.846982053448,24.6486561871616,805.950413863433,24.4054544901471,796.866931244919,24.3086426250411,787.826207141561,24.2120977152889,778.828112973523,24.1158192786161
"6",5,889.296638747218,31.1022656240929,855.841894612908,30.6560113391744,822.974601325401,30.2144013293724,809.990699570559,30.0390495796766,797.099323098014,29.8644327810767,784.30005618215,29.690548620023
"7",6,941.832199312953,37.6339524375842,896.648322569032,36.9077215823437,852.561588234188,36.1920224467998,835.230212893074,35.9086654978037,818.070512095958,35.6269675166179,801.081396682705,35.3469210314636
"8",7,1006.72978358776,44.5863522336801,948.286698170663,43.4909752781332,891.692017515851,42.4164909801723,869.56298676697,41.9924778047656,847.72102637698,41.5717383461287,826.163693199367,41.1542530961744
"9",8,1082.29947322818,52.0411537801805,1008.91557375486,50.4760209992004,938.425472952386,48.9485257745254,911.022285029281,48.3479063617356,884.064797397076,47.7531498432526,857.548158335503,47.1642114109155
"10",9,1167.65388697599,60.071028521595,1077.45495112585,57.9228502028473,991.546314156441,55.8377399868186,958.352283750426,55.0210232404312,925.813081865428,54.2140674846579,893.919883988167,53.4167802087358
"11",10,1262.44888171921,68.7443722682045,1153.33752749335,65.88569134161,1050.32698951769,63.1269232163234,1010.77654435408,62.050757197647,972.148261696406,60.9899472822215,934.427162759439,59.9443174345258
"12",11,1366.71543540849,78.1285430856443,1236.34543677681,74.4160469041531,1114.37096721294,70.8549254763868,1067.84373984528,69.4717257031898,1022.57255899899,68.1116190814613,978.533346034072,66.7742920993361
"13",12,1480.75145737281,88.2921240353795,1326.50315512603,83.5647795665296,1183.50808544757,79.0586232744991,1129.32429367116,77.3161642456902,1076.80606177204,75.6071848271473,1025.91636265939,73.9311558837361
"14",13,1605.05274169154,99.3065632491918,1424.00768001079,93.3835739131646,1257.7252134362,87.774270074438,1195.14147097724,85.6152465632865,1134.71841344206,83.5033137728963,1076.40115493664,81.4376174953776
"15",14,1740.26927250242,111.247426050222,1529.18287307724,103.926000524081,1337.12005562414,97.0384461645759,1265.32531023186,94.4000029874956,1196.28297394651,91.8261363557207,1129.91412444135,89.3155184473624
"16",15,1887.17952701783,124.195387595196,1642.45090811331,115.248305600924,1421.87107414341,106.888732517996,1339.9821152246,103.701967034647,1261.54600394234,100.601871081283,1186.45218863945,97.5864450549283
"17",16,2046.67520570114,138.237091934018,1764.31402594152,127.410044373574,1512.21781757139,117.364209759813,1419.27455180786,113.553638860109,1330.60661657604,109.857261337978,1246.0625456225,106.272147920878
"18",17,2219.75370412116,153.465944102023,1895.34359648976,140.474614166674,1608.44791955888,128.505849668214,1503.40810908153,123.98884181459,1403.6028766617,119.619905418208,1308.82865354765,115.39485039072
"19",18,2407.51602114079,169.982834852527,2036.1739966647,154.509723510893,1710.8890315088,140.356828338696,1592.6225614171,135.042996388632,1480.70286636622,129.918501980818,1374.86088079573,124.977475813324
"20",19,2611.16800344746,187.896883629096,2187.50029797702,169.587816967731,1819.90436580522,152.962782077306,1687.18689158619,146.753336089345,1562.09912059552,140.783036578268,1444.29061908417,135.043811997261
"21",20,2832.02380043782,207.326217275526,2350.0771108671,185.786525465572,1935.8893900784,166.372062325483,1787.39564172984,159.159109817941,1648.00479229386,152.244943930471,1517.26632605407,145.618644613744
"22",21,3071.51196896696,228.398752819007,2524.72003520912,203.18908766521,2059.27065797408,180.635959825136,1893.56700805856,172.30175956062,1738.65116172502,164.337251591869,1593.95059311652,156.72787625086
"23",22,3331.18248542273,251.253039031564,2712.30798729094,221.884791664369,2190.50580334536,195.808921220955,2006.04228954761,186.22508107893,1834.28667737638,177.094699490225,1674.51887714319,168.398616604847
"24",23,3612.71498511717,276.039154592408,2913.78600464866,241.969434364859,2330.08374145318,211.948771646693,2125.18553839372,200.975388102548,1935.17623601436,190.553860163225,1759.15853826134,180.659270458875
"25",24,3917.92823126904,302.919666318721,3130.16903746964,263.545813361659,2478.52556799466,229.116944610786,2251.38379364093,216.601677770964,2041.60094003117,204.753256910172,1848.068264166,193.539621989507
"26",25,4248.79043562939,332.070659412478,3362.5462164477,286.724236087268,2636.38590645545,247.378713952465,2385.04776858474,233.155795516173,2153.85831279928,219.733479302619,1941.45795188946,207.070914798131
"27",26,4607.43025591545,363.682819468629,3612.08555577364,311.623070951462,2804.25443173034,266.803439262383,2526.61269291467,250.692607293651,2272.26267319425,235.53730156163,2039.54876995616,221.285931626564
"28",27,4996.1495963496,397.962683621609,3880.03888206113,338.369304898529,2982.75764295899,287.464822679389,2676.53935101886,269.270178615906,2397.14566466655,252.209804710749,2142.57334350436,236.219075879939
"29",28,5417.43645379125,435.133900017822,4167.7478812429,367.099219077289,3172.56085055026,309.441178642114,2835.31529795543,288.949961114529,2528.85693943692,269.798502521569,2250.77608100057,251.906454454348
"30",29,5873.97842513383,475.438559198176,4476.64964511904,397.959006679124,3374.37030754745,332.815718702264,3003.4561819744,309.796988445781,2667.76492888782,288.353472832294,2364.41357835418,268.385963244335
"31",30,6368.6780343773,519.13871497495,4808.28293532967,431.10547241259,3588.93549538429,357.676852095227,3181.50717396624,331.880082057058,2814.25768981967,307.927494725911,2483.75507956678,285.697375873263
"32",31,6904.66854558952,566.517970283896,5164.29502030742,466.706800339885,3817.05155832255,384.118503075927,3370.04449931026,355.272067436519,2968.74382373589,328.576191919531,2609.08299257558,303.882435808829
"33",32,7485.33076011474,617.883181796098,5546.44873514771,504.943349699851,4059.56179024099,412.240435351404,3569.67701395621,380.049995541939,3131.65343537674,350.358180028091,2740.69344010412,322.984951263025
"34",33,8114.31082252842,673.566291649739,5956.62995418706,546.008506081724,4317.36056518565,442.148635299992,3781.04801870245,406.295397351758,3303.43920332859,373.335229836253,2878.89685735509,343.050896273123
"35",34,8795.53899144733,733.926289092236,6396.8554630354,590.109588439357,4591.39602630785,473.955665692888,4004.83699814788,434.094528190211,3484.57746843936,397.572432556446,3024.01864017433,364.12851888484
"36",35,9533.24937810167,799.351309788857,6869.28123852181,637.468813373012,4882.67301388156,507.781054000364,4241.76144790831,463.538626036194,3675.56932848194,423.138366321765,3176.39977093293,386.268444847903
"37",36,10332.0006254449,870.260879516232,7376.21112493843,688.324320116085,5192.25627040905,543.751719532866,4492.57887729739,494.724196003093,3876.94183869096,450.105279776886,3336.39750485837,409.523792033232
"38",37,11196.6974859286,947.108308790649,7920.10590637404,742.931258952411,5521.27367956901,582.002410970247,4758.08885520665,527.7533035904,4089.24925682404,478.549283315184,3504.3860931384,433.950291012991
"39",38,12132.6132355663,1030.38324465114,8503.59277164883,801.562945550194,5870.91965279288,622.676168803605,5039.13513358537,562.733882022861,4313.07432971045,508.550548189494,3680.75752290946,459.606408732906
"40",39,13145.4128331982,1120.61438527079,9129.4751511124,864.512083694449,6242.4586612081,665.924813109296,5336.60785989055,599.780055683102,4549.02962874185,540.193515121903,3865.92228943321,486.553478836136
"41",40,14241.1767033607,1218.3723623032,9800.74293190853,932.092063385863,6637.2288980412,711.909456971504,5651.44587207281,639.012479653486,4797.75890095046,573.567107430475,4060.31017409073,514.855833921334
"42",41,15426.4249835782,1324.27279486843,10520.582974662,1004.63832802119,7056.64607426299,760.801046554963,5984.63907569091,680.558695947648,5059.93852098566,608.764962149449,4264.37106872378,544.580946697608
"43",42,16708.142031732,1438.97951780105,11292.3899328628,1082.50981907102,7502.20734276117,812.780928730251,6337.23090182302,724.553507008241,5336.27897739614,645.885669777246,4478.57583569364,575.799578847056
"44",43,18093.8009377439,1563.20798513578,12119.7773368463,1166.09050039293,7975.49534261485,868.041447184445,6710.32084284031,771.139367043719,5627.52635920382,685.033017313224,4703.4171651728,608.585931182775
"45",44,19591.3877232801,1697.72884776857,13006.5888528659,1255.79096215274,8478.18235756007,926.786567823596,7105.06706313635,820.466791747327,5934.46398599336,726.316257951544,4939.41048287385,643.017804234133
"46",45,21209.4248430331,1843.37170173211,13956.9096599384,1352.05010515105,9012.03457789345,989.232534249716,7522.6890806216,872.694786917985,6257.91402370328,769.850382987475,5187.09490767957,679.176769853717
"47",46,22956.9935212205,2001.02900048097,14975.0778566951,1455.33690657424,9578.9164521339,1055.60855401854,7964.47051339938,927.991296472838,6598.73907083283,815.756394474636,5447.03414925427,717.148335168006
"48",47,24843.7543654464,2171.66012093168,16065.6957824524,1566.15226764942,10180.7951133941,1126.1575162526,8431.76188505604,986.533670292146,6957.84388497266,864.161604147756,5719.81748739973,757.02212266312
"49",48,26879.9655965257,2356.29556865744,17233.6411262176,1685.0309391669,10819.7448608067,1201.13674107969,8925.9834803403,1048.50915228678,7336.17712647089,915.199943100624,6006.06078208843,798.892059213602
"50",49,29076.4981168327,2556.04130250444,18484.0776777474,1812.54352809312,11497.9516726197,1280.81876121317,9448.62824126172,1114.11538901493,7734.73311750301,969.012282077458,6306.40748153026,842.856569042193
"51",50,31444.8465103793,2772.08315289016,19822.4655194776,1949.29857829205,12217.7177237794,1365.49213579991,10001.2646918565,1183.56095909494,8154.55363867082,1025.74676460815,6621.5296631318,889.018775849389
"52",51,33997.1349252361,3005.69130106594,21254.5704599379,2095.94472080888,12981.4658754176,1455.46229645742,10585.5398776536,1257.06592357066,8596.72969751841,1085.55914475048,6952.12906088226,937.486706761172
"53",52,36746.1166334835,3258.22477858228,22786.4724683059,2253.17288834562,13791.7440983478,1551.0524251685,11203.1823034827,1334.86239727789,9062.40338505159,1148.61315060155,7298.93813246893,988.373508695638
"54",53,39705.165896434,3531.13593699845,24424.5728132443,2421.71858564008,14651.229786762,1652.60436340714,11856.0048506523,1417.19514113339,9552.76972021708,1215.08085801645,7662.72115088503,1041.79767506699
"55",54,42888.2605852548,3825.97482744727,26175.5995866001,2602.3642052731,15562.7339113552,1760.47955153565,12545.9076515381,1504.32217512282,10069.0784333867,1285.14306589384,8044.27526483231,1097.88327275077
"56",55,46309.9538221453,4144.39341793812,28046.6112427044,2795.94137603389,16529.2049537356,1875.05999712316,13274.8808963657,1596.5154115954,10612.6358595194,1358.98970858597,8444.43159560995,1156.76018302766
"57",56,49985.3327188727,4488.14956321712,30044.9977281824,3003.33332826731,17553.7325558008,1996.74927039069,14045.0075433855,1694.06130828019,11184.8067322039,1436.82026679894,8864.05636204104,1218.56435693145
"58",57,53929.9621033816,4859.1106275989,32178.4787325347,3225.47725729708,18639.5508086681,2125.9735244838,14858.4658996706,1797.26154021947,11787.0158502571,1518.84417486362,9304.05189309529,1283.43805687706
"59",58,58159.8109488201,5259.25664547932,34455.0985304909,3463.36666249807,19790.0410959597,2263.18253769991,15717.5320354432,1906.43368956533,12420.7498342232,1605.28126200923,9765.35770865983,1351.53011985841
"60",59,62691.1590622088,5690.68288733682,36883.2168265164,3718.05363563574,21008.7343955703,2408.85077415095,16624.5819901194,2021.91195190391,13087.5587748116,1696.36220341682,10248.9515888694,1422.99623100237
"61",60,67540.4814641899,6155.60168110979,39471.494954507,3990.65106761832,22299.3129324767,2563.47845861727,17582.0937231245,2144.0478574551,13789.0577591252,1792.3289778576,10755.8505840191,1497.99919943598
"62",61,72724.3078115404,6656.34332017314,42228.8767223714,4282.33473798682,23665.6110627827,2727.59266053681,18592.648756986,2273.21100514066,14526.9283161626,1893.43533686154,11287.1120060147,1576.70924213183
"63",62,78259.0547542028,7195.35589373612,45164.5631299202,4594.34524618372,25111.6152559732,2901.74838117145,19658.9334542349,2409.7898071175,15302.9197163111,1999.94728406231,11843.8343746969,1659.30427489501
"64",63,84160.8261929065,7775.20373272454,48287.9801312782,4927.98973790101,26641.4630283458,3086.52963699265,20783.7398632386,2554.19224093279,16118.8501079086,2112.14356329561,12427.1583076669,1745.97020995769
"65",64,90445.1828726626,8398.56439790088,51608.7385584435,5284.64337370366,28259.440665896,3282.55053122619,21969.9660612638,2706.8466059699,16976.6074712287,2230.31615404216,13038.2673497273,1836.90125965471
"66",65,97126.8769521679,9068.22389798237,55136.5852766175,5665.75048064586,29969.9795596427,3490.45630428614,23220.6159158346,2868.20228031648,17878.1503434025,2354.77077298129,13678.3887236583,1932.30024586561
"67",66,104219.549716248,9787.06983815561,58881.3446074789,6072.82532081958,31777.6509606534,3710.92435250824,24538.7981778381,3038.73047359519,18825.5082848056,2485.82737981997,14348.7939888797,2032.37891476967
"68",67,111735.391768394,10558.0822896942,62852.8490364766,6507.45240381521,33687.1589460821,3944.66520315888,25927.7248118823,3218.92497065123,19820.7820495591,2623.8206853722,15050.7996005487,2137.35825802872
"69",68,119684.765979664,11384.3221082548,67060.8582174326,6971.28626287258,35703.3313716101,4192.4234321485,27390.7084611787,3409.30286028645,20866.1434121098,2769.10065969619,15785.7673283159,2247.46882838385
"70",69,128075.794081563,12268.9164135072,71514.9653640852,7466.05061017076,37831.1085701297,4454.97850921796,28931.1589357876,3610.40524246624,21963.8346061866,2922.03303762859,16555.1045553469,2362.95106552621
"71",70,136913.908748045,13215.0409922354,76224.4902083666,7993.53678275751,40075.5295417249,4733.14555359753,30552.5786045242,3822.7979066008,23116.1673253354,3082.99981876256,17360.2644202126,2484.05562792204
"72",71,146201.376736452,14225.8994589186,81198.3568430196,8555.60133074579,42441.7153664802,5027.77598126807,32258.5565623006,4047.07197261678,24325.5212283996,3252.39975856932,18202.7457574584,2611.04371364278
"73",72,155936.7964964,15304.6988270108,86444.9575034349,9154.16273428702,44934.8495599647,5339.75802299303,34052.7614363277,4283.84448558971,25594.3418921431,3430.6488469004,19084.092850682,2744.18738920395
"74",73,166114.580111548,16454.6214461303,91972.000642526,9791.19708099267,47560.155082091,5670.0170902548,35938.9326866112,4533.75895370289,26925.1381472832,3618.18076969905,20005.8949389475,2883.76992414775
"75",74,176724.430080338,17678.7932411712,97786.3430050045,10468.7325817766,50322.86777849,6019.51596792904,37920.8702770587,4797.48581947638,28320.4787296576,3815.44734928534,20969.7854561557,3030.08609242935
"76",75,187750.819927058,18980.2478948657,103893.80613008,11188.8428391257,53228.2056291251,6389.25479023171,40002.4224412127,5075.72284687714,29782.9881750695,4022.91895806064,21977.4410389036,3183.44248647241
"77",76,199172.50226323,20361.8879999664,110298.97783623,11953.6387527743,56281.334039768,6780.27079625584,42187.4715473178,5369.19541749199,31315.3418814734,4241.08489996173,23030.5801912451,3344.15782655417
"78",77,210962.069358842,21826.4434518554,117004.999579243,12765.2589547582,59487.3265702453,7193.63782043567,44479.9178200494,5678.65671925209,32920.2602583223,4470.45375343553,24130.9615659875,3512.56325292461
"79",78,223085.538390547,23376.4247576086,124013.341010801,13625.8586744388,62851.1208240321,7630.46547922713,46883.660725319,6004.8878081396,34600.5018920212,4711.55366971404,25280.3819065689,3689.00260502097
"80",79,235502.046248018,25014.0751868617,131323.564453987,14537.59699014,66377.4692992821,8091.89802675348,49402.5778476937,6348.69752842411,36358.8555953661,4964.93261684941,26480.6735566021,3873.83268482765
"81",80,248163.643074862,26741.320900054,138933.08111494,15502.622317761,70070.8850547171,8579.11284241842,52040.5011254357,6710.92227337278,38198.1312981112,5231.15856339192,27733.701497871,4067.42350105517
"82",81,261015.208769882,28559.7199683406,146836.903000188,16523.0561196374,73935.5820038215,9093.31850921901,54801.1902803216,7092.42556547425,40121.1496993073,5510.81959430457,29041.3599057262,4270.15849016092
"83",82,273994.519004746,30470.4112951124,155027.398074134,17600.9750606902,77975.40970095,9635.752446176,57688.3032638245,7494.09743635944,42130.730551168,5804.52394675097,30405.5681553124,4482.43471094558
"84",83,287032.478244317,32474.0645945611,163494.042074324,18738.390704858,82193.7828033963,10207.678065276,60705.3636706855,7916.85358835219,44229.6794812832,6112.89995670733,31828.2662398408,4704.66300861032
"85",84,300053.535240338,34570.8326859139,172223.195443489,19937.2286576291,86593.6049426701,10810.3813909763,63855.7248809606,8361.63430730585,46420.7732801773,6436.59590655365,33311.4095645413,4937.26814377499
"86",85,312976.269546463,36760.3086837764,181197.893276619,21199.3056972426,91177.1874249828,11445.1671203331,67142.5309006332,8829.40310746148,48706.7435713381,6776.27976157842,34856.963060657,5180.68888196892
"87",86,325714.248182726,39041.4832922608,190397.651303595,22526.3047388105,95946.1630908272,12113.3540891774,70568.673881312,9321.14508688418,51090.2587629546,7132.63878354277,36466.8945764725,5435.37803853205
"88",87,338177.00782955,41412.7152336447,199798.317418196,23919.7493260346,100901.394984868,12816.2700531127,74136.7482771865,9837.86496696488,53573.9042418437,7506.37901081146,38143.1675006923,5701.80247355833
"89",88,350271.247037753,43871.7067225752,209371.962135168,25380.9770478616,106042.882455182,13555.2459035765,77849.0016716527,10380.5847923285,56160.1607053909,7898.22458913275,39887.7325682365,5980.44303128177
"90",89,361902.144992478,46415.4874209076,219086.819195074,26911.1123167756,111369.666121516,14331.6092828063,81707.282370142,10950.3412679224,58851.3805715168,8308.91693956816,41702.5188116075,6271.79441838109
"91",90,372974.874250535,49040.4087388492,228907.285872167,28511.0389240894,116879.725136817,15146.6771903515,85712.9839201459,11548.1827106465,61649.7624644705,8739.21375243024,43589.4235964247,6576.36501359973
"92",91,383396.20904693,51742.1495498591,238793.989995398,30181.372833543,122569.877774783,16001.7480915511,89866.9867893684,12175.1655943979,64557.3237433408,9189.88779206287,45550.301694078,6894.67660153553
"93",92,393076.139950952,54515.7332106064,248703.93065547,31922.4357144779,128435.684951967,16898.0935688672,94169.5975192764,12832.3506692806,67575.8710678558,9661.72549811867,47586.9534132089,7227.26402833264
"94",93,401929.488679243,57355.5564451821,258590.698281076,33734.2297589573,134471.344021574,17836.9482170376,98620.4853821168,13520.7986048277,70706.9690317542,10155.5253696843,49701.1116978532,7574.67476753443
"95",94,409877.567459287,60255.4297043038,268404.777725841,35616.4143659783,140669.601983756,18819.5001119047,103218.617938433,14241.5652272403,73951.9069226622,10672.0961186126,51894.4281672496,7937.46838900933
"96",95,416849.668281095,63208.6290948105,278093.936003958,37568.2852928521,147021.670367789,19846.8802914135,107962.197121055,14995.6963845821,77311.6636988044,11212.2545789935,54168.4580947792,8316.21592493658
"97",96,422784.422169228,66207.958202452,287603.692703904,39588.7569024796,153517.142127412,20920.1512335817,112848.591601403,15784.2221178138,80786.8713120199,11776.8233604676,56524.6443142473,8711.49912481209
"98",97,427630.95914788,69245.819120633,296877.87534555,41676.3479397062,160143.924780923,22040.2950834125,117874.271786659,16608.1504850033,84377.7765494658,12366.6282341505,58964.3000405449,9123.90959119357
"99",98,431349.839258982,72314.2909296979,305859.218684073,43829.1719893726,166888.18603131,23208.2014220181,123034.746393666,17468.4609348715,88084.2016120423,12982.4952413437,61488.590627895,9554.04778997396
"100",99,433913.72328102,75405.213883463,314490.113128418,46044.9312679912,173734.314501212,24424.6546960377,128324.501431208,18366.0972187018,91905.5036984684,13625.247516936,64098.5142837716,10002.5219269942
"101",100,435307.761739634,78510.2774124178,322713.30807461,48320.9175036813,180664.89977493,25690.3214222568,133736.943020248,19301.9598782736,95840.5339178612,14295.7018215119,66794.8817472247,10469.9466807394
"102",101,435529.696299403,81621.1098742144,330472.681241853,50654.0171989892,187660.733215917,27005.7373265951,139264.345336679,20276.8983430201,99887.5959100956,14994.664778692,69578.2950177986,10956.9417873185
"103",102,434589.67713168,84729.368004364,337714.040634209,53040.7224678382,194700.832143746,28371.2945741961,144897.805062029,21291.7026777883,104044.404609825,15722.9288168905,72449.1251792147,11464.1304680606
"104",103,432509.8103786,87826.8240901024,344385.930385497,55477.1475918798,201762.489960126,29787.2292586242,150627.203800547,22347.0950327569,108308.04553066,16481.2677984342,75407.4892847252,11992.1376861914
"105",104,429323.459947012,90905.4490165348,350440.405798554,57959.0513515416,208821.353646365,31253.6093484325,156441.179954283,23443.7208577923,112674.935265779,17270.4323742562,78453.2272210102,12541.5882863019
"106",105,425074.335457471,93957.489539834,355833.765888615,60481.8648536462,215851.53021115,32770.3232904078,162327.111567676,24582.1399541975,117140.784883664,18091.1451758216,81585.8774713598,13113.1049215391
"107",106,419815.440359027,96975.5364247363,360527.235428732,63040.7242367473,222825.723099896,34337.0694781232,168271.111634665,25762.8174475383,121700.564054143,18944.0955766858,84804.6522053855,13707.3057840363
"108",107,413607.758353663,99952.5921781327,364487.563059523,65630.50806692,229715.398720616,35953.3468035742,174258.03730053,26986.1147757395,126348.468965014,19829.9342476453,88108.4130019491,14324.8022274209
"109",108,406518.992593128,102882.119024961,367687.5259496,68245.8786779764,236490.982789013,37618.4465051062,180271.514288909,28252.280796523,131077.894755572,20749.2675544144,91495.6459185851,14966.1961514497
"110",109,398622.204375573,105758.081427688,370106.329450969,70881.3266987513,243122.085381105,39331.4455207523,186293.977735371,29561.4431272588,135881.412350217,21702.6517539429,94964.4362027087,15632.0771337488
"111",110,389994.459176899,108574.980902475,371729.887183654,73531.2180542868,249577.7527305,41091.201546449,192306.730410523,30913.5998380618,140750.750915411,22690.587041069,98512.4458968948,16323.0196209751
"112",111,380715.456355934,111327.879686279,372550.978203403,76189.8425207586,255826.743083493,42896.3499804507,198290.019068479,32308.6116251359,145676.786762776,23713.5114919228,102136.890614259,17039.5798096393
"113",112,370866.235815906,114012.415037489,372569.278749313,78851.4629442986,261837.823089682,44745.3029136944,204223.129360756,33746.1945956351,150649.539458271,24771.7949538039,105834.517309195,17782.2923334436
"114",113,360527.99469054,116624.804161967,371791.269034582,81510.3642519166,267580.080441136,46636.2502981951,210084.49609951,35225.913947905,155658.175964775,25865.7329353932,109601.584263183,18551.666853834
"115",114,349780.982874317,119161.841522966,370230.021502383,84160.9013629035,273023.247818341,48567.1633920225,215851.842595703,36747.1779455109,160691.023559128,26995.5405573625,113433.842754044,19348.1845054754
"116",115,338703.531205544,121620.888517954,367904.879027158,86797.5451871672,278138.032607056,50535.8005422174,221502.327321048,38309.2336230307,165735.592188295,28161.3466286595,117326.521070518,20172.294216166
"117",116,327371.212213907,123999.856615401,364841.034536818,89414.9259690728,282896.448538455,52539.7154397971,227012.70875874,39911.1634335771,170778.606852497,29363.1879179595,121274.311295457,21024.4089217559
"118",117,315856.129213316,126297.185098604,361069.026395485,92007.8733162835,287272.137430041,54576.2674687086,232359.525200182,41551.882938203,175806.050478681,30601.0036939463,125271.359190913,21904.9016983339
"119",118,304226.343919594,128511.814142945,356624.165084122,94571.4523693946,291240.670360385,56642.6342821155,237519.290904055,43230.1399059629,180803.216422051,31874.6306992014,129311.257683106,22814.1018343938
"120",119,292545.433916633,130643.1542802,351545.907842391,97100.9956813725,294779.851401885,58735.826914353,242468.703435705,44944.5148888377,185754.775102305,33183.7982515824,133387.044347777,23752.2908703579
"121",120,280872.172430319,132691.053170828,345877.197002835,99592.1305366039,297869.979858116,60852.7066422898,247184.854447004,46693.4232588723,190644.850176725,34528.124085898,137491.203280796,24719.6986358765
"122",121,269260.323267274,134655.760481907,339663.787773613,102040.801223001,300494.08518048,62990.0036432126,251645.442340005,48475.1187918969,195457.103854741,35907.1109151388,141615.671767439,25716.49931722
"123",122,257758.538433912,136537.891682165,332953.549097993,104443.287114636,302638.126774277,65144.337230855,255828.996871442,50287.6987943406,200174.832345882,37320.1434203292,145751.852094663,26742.8075904717
"124",123,246410.34678012,138338.391441259,325795.814412326,106796.215042399,304291.154245999,67312.2373820419,259715.09493867,52129.1108337713,204781.073148065,38766.4859719625,149890.628817684,27798.6748584951
"125",124,235254.221600543,140058.497231724,318240.743875457,109096.567154977,305445.425001756,69490.1672554626,263284.56558322,53997.1607187909,209258.721242757,40245.2811856548,154022.391754958,28884.0856314791
"126",125,224323.714409492,141699.703660512,310338.695668749,111341.68522916,306096.476970411,71674.546391605,266519.704694236,55889.522751584,213590.6511538,41755.5493538014,158137.064865719,29998.9540911229
"127",126,213647.643026066,143263.727956764,302139.669852655,113529.26980169,306243.155442016,73861.7742687182,269404.454209491,57803.7506120762,217759.846489382,43296.188756811,162224.141267761,31143.1208852375
"128",127,203250.322629235,144752.476962026,293692.798090775,115657.37574687,305887.594101878,76048.2538863107,271924.566712998,59737.2894882613,221749.534468421,44865.9769145767,166272.724471042,32316.3501994055
"129",128,193151.829211418,146168.015893356,285045.890364539,117724.404410358,305035.151381831,78230.4150526687,274067.762990558,61687.4897366082,225543.323077534,46463.5728209089,170271.57540503,33518.3271329663
"130",129,183368.285987007,147512.539075286,276245.04022667,119729.092724082,303694.304280785,80404.7370642839,275823.859878606,63651.6214433514,229125.340041731,48087.5201576234,174209.165504762,34748.6554368059
"131",130,173912.166545568,148788.342643849,267334.290995082,121670.499719031,301876.502722296,82567.7704837839,277184.872806261,65626.8897646387,232480.371590682,49736.2515317544,178073.735596194,36006.8556547483
"132",131,164792.601450093,149997.799564298,258355.362446806,123547.990866939,299595.994672102,84716.1571344221,278145.092761886,67610.4509095136,235593.998409978,51408.0936618934,181853.360129568,37292.3637030041
"133",132,156015.679599779,151143.337666841,249347.435980505,125361.22068244,296869.5983725,86846.6510896311,278701.134598205,69599.4285882088,238452.723463361,53101.2734157998,185536.01629812,38604.5299259002
"134",133,147584.763037911,152227.418010191,240346.99551425,127110.113991432,293716.472765511,88956.1348553139,278851.956914439,71590.9307000657,241044.098788026,54813.9249168527,189109.657558382,39942.6186630352
"135",134,139500.781195047,153252.516749934,231387.720383011,128794.846250826,290157.858526166,91041.6349593099,278598.853398916,73582.0660579192,243356.841972402,56544.0974977676,192562.290834951,41305.8083508342
"136",135,131762.515887835,154221.108831722,222500.425841483,130415.823276344,286216.807461821,93100.3363477521,277945.415823718,75569.9609533862,245380.940520473,58289.7643830908,195882.056665933,42693.1921846969
"137",136,124366.870766907,155135.653637321,213713.046396355,131973.660701246,281917.893503514,95129.594252925,276897.470149297,77551.7753589537,247107.74477473,60048.83209472,199057.311578571,44103.7793723039
"138",137,117309.125759433,155998.582487466,205050.656941886,133469.163454048,277286.920821102,97126.9440621952,275462.987286553,79524.7185816475,248530.047170723,61819.1504784012,202076.711596827,45536.4969756948
"139",138,110583.174223976,156812.287898717,196535.526599565,134903.305507079,272350.639412659,99090.1090892197,273651.970560952,81486.0641959019,249642.146551649,63598.5232435201,204929.29601577,46990.1923567346
"140",139,104181.741943455,157579.114474308,188187.200234324,136277.210111437,267136.4687526,101017.006001184,271476.322481297,83433.1640963002,250439.896551846,65384.7189056201,207604.57095059,48463.6362308117
"141",140,98096.5822749582,158301.351494543,180022.602546191,137592.130734404,261672.213289433,102905.749010554,268949.69358128,85363.4615329825,250920.737334878,67175.4820155552,210092.588640984,49955.5262239885
"142",141,92318.6759538046,158981.226031313,172056.16147539,138849.432648728,255985.805065803,104754.651552726,266087.316373421,87274.503012659,251083.710307635,68968.544554667,212384.025949975,51464.4910668655
"143",142,86838.3826977733,159620.898505815,164299.939134372,140050.576272813,250105.059225817,106562.22630508,262905.826461277,89163.9490012718,250929.455735,70761.6373739126,214470.259950966,52989.0953755576
"144",143,81645.5854413626,160222.458932182,156763.791419626,141197.099129476,244057.448535318,108327.18353096,259423.076856327,91029.5833230103,250460.19348736,72552.5015555036,216343.436434089,54527.8448834441
"145",144,76729.8303292552,160787.923686086,149455.513023442,142290.601966781,237869.898011159,110048.427886669,255657.950978902,92869.3208801759,249679.687456773,74338.8995782904,217996.533089762,56079.1921573935
"146",145,72080.4409820629,161319.233607094,142380.992546221,143332.73466877,231568.601296316,111725.053841425,251630.16463879,94681.2146297704,248593.19445687,76118.6261729887,219423.415932441,57641.5427458662
"147",146,67686.6200926583,161818.252793892,135544.371254963,144325.182745445,225178.859750488,113356.33986411,247360.073603295,96463.4607922646,247207.398675743,77889.5187600961,220618.88812936,59213.2617033304
"148",147,63537.5384902224,162286.768053144,128948.201721094,145269.655495508,218724.948168131,114941.741777603,242868.489301534,98214.4026435201,245530.332974262,79649.4673717995,221578.730561134,60792.6804341421
"149",148,59622.411330816,162726.488958496,122593.60041448,146167.875222922,212229.987177132,116480.884378209,238176.483679282,99932.5333312809,243571.28850811,81396.4239690872,222299.733559219,62378.1037949876
"150",149,55930.5633585453,163139.048405156,116480.395252567,147021.567528919,205715.860637971,117973.553276353,233305.221622965,101616.496935949,241340.714304427,83128.4110759193,222779.719415688,63967.8173912645
"151",150,52451.4839809194,163526.003593863,110607.268762107,147832.452605984,199203.146843002,119419.68587496,228275.801087045,103265.088462468,238850.110663995,84843.5295309268,223017.555402667,65560.0950004517
"152",151,49174.8730596884,163888.837376996,104971.893164106,148602.237549634,192711.057782971,120819.36172486,223109.095309353,104877.252924309,236111.909655727,86539.9658914371,223013.157186938,67153.2060542032
"153",152,46090.6786680054,164228.959895627,99571.0580750443,149332.609604828,186257.409213849,122172.792619302,217825.612142631,106452.083211216,233139.354903183,88215.9986192681,222767.482677813,68745.4231105984
"154",153,43189.1269472598,164547.710477694,94400.7903489848,150025.230290578,179858.605172355,123480.312552716,212445.367538785,107988.817012477,229946.382104811,89870.0031659698,222282.516493903,70335.0292487875
"155",154,40460.7460971895,164846.359704355,89456.4653044615,150681.730356136,173529.636142569,124742.367652119,206987.773060184,109486.832892498,226547.49508223,91500.4565853463,221561.245375946,71920.3253201137
"156",155,37896.3845321211,165126.111630013,84732.9096173914,151303.705499434,167284.093064888,125959.50610493,201471.53760901,110945.645614314,222957.640808932,93105.9412074265,220607.625005514,73499.6369926061
"157",156,35487.2237021676,165388.106123914,80224.4958183252,151892.712790022,161134.192553302,127132.368247953,195914.583631655,112364.900813076,219192.086845084,94685.1473520302,219426.538809568,75071.3215294595
"158",157,33224.7866979108,165633.421282913,75925.2284890307,152450.267738427,155090.812485247,128261.676877358,190333.977558641,113744.369121159,215266.303426308,96236.8752072613,218023.749452045,76633.7742449233
"159",158,31100.9431408058,165863.075890039,71828.8224846046,152977.841951796,149163.536833962,129348.227836894,184745.873958794,115083.939846668,211195.85271883,97760.0358102258,216405.844419818,78185.4345307806
"160",159,29107.9107947088,166078.03189738,67928.7734559248,153476.8613207,143360.70797482,130392.880905423,179165.472867668,116383.614300088,206996.278749286,99253.6513630818,214580.174766441,79724.7916038871
"161",160,27238.2544229918,166279.196910944,64218.4210399265,153948.704683422,137689.483879819,131396.551146662,173606.989525113,117643.498860851,202683.005637872,100716.85474441,212554.787256206,81250.3899168704
"162",161,25484.8824488829,166467.426657151,60691.0051364737,154394.702916492,132155.899065503,132360.20093152,168083.635654488,118863.797869731,198271.244576432,102148.888297694,210338.357217741,82760.8335825854
"163",162,23841.0415402245,166643.527420185,57339.7156902537,154816.138403806,126764.931363703,133284.831806702,162607.611367461,120044.806425893,193775.90815604,103549.102000282,207940.1168352,84254.7906431146
"164",163,22300.309659871,166808.258434341,54157.7364230147,155214.24483948,121520.569117715,134171.477282881,157190.106701268,121186.903161138,189211.533034258,104916.95104895,205369.779979192,85730.9968738143
"165",164,20856.5878922549,166962.334221187,51138.2829632604,155590.207322823,116425.8776899,135021.196226193,151841.311775602,122290.543056564,184592.211189965,106251.992923911,202637.466094118,87188.2589363061
"166",165,19504.0911334164,167106.426879056,48274.6358316388,155945.162706279,111483.073751563,135835.065937956,146570.434554798,123356.250359498,179931.529890166,107553.883992991,199753.624419295,88625.4570220829
"167",166,18237.3381547499,167241.168284988,45560.1687320718,156280.200160559,106693.58916394,136614.176778278,141385.725207499,124384.611651465,175242.520330364,108822.375717918,196728.960694539,90041.5468867051
"168",167,17051.1412448836,167367.152162532,42988.372291595,156596.361936967,102058.137075108,137359.626896022,136294.50608776,125376.269110818,170537.61478034,110057.310524323,193574.36326673,91435.5614284192
"169",168,15940.5949557808,167484.936222158,40552.8742683468,156894.644269159,97576.7784040994,138072.517119678,131303.206402777,126331.914006771,165828.611974562,111258.617395272,190300.830515142,92806.6117823107
"170",169,14901.0648921111,167595.044115328,38247.4561184632,157175.998411659,93248.9849405466,138753.946564322,126417.400682646,127252.28045517,161126.650395158,112426.307245997,186919.402860016,94153.8878355118
"171",170,13928.1766527097,167697.967269614,36066.0662837305,157441.331790269,89073.6997784154,139405.008645381,121641.850227632,128138.139460107,156442.189021842,113560.468134742,183441.097677992,95476.6582912066
"172",171,13017.8035253145,167794.166861541,34002.830730577,157691.509234497,85049.394632866,140026.787514481,116980.547046539,128990.293235361,151784.995067307,114661.260361354,179876.848001571,96774.2702821217
"173",172,12166.0558128165,167884.075429619,32052.0610024918,157927.354275112,81174.1245825811,140620.354886569,112436.758946106,129809.569862944,147164.138173579,115728.911501681,176237.445378881,98046.148561542
"174",173,11369.2697647925,167968.098496134,30208.2600422644,158149.650491864,77445.5794510361,141186.767249744,108013.074521319,130596.818437804,142587.99051554,116763.711421939,172533.487274511,99291.7943025013
"175",174,10623.9964005909,168046.616199006,28466.1260800909,158359.142895401,73861.1319418304,141727.063431239,103711.45070718,131352.904218512,138064.232241154,117766.007313227,168775.329650436,100510.783558175
"176",175,9926.9907139425,168119.984777985,26820.5548117,158556.539331003,70417.8825978089,142242.262493779,99533.2589920858,132078.70430227,133599.861672049,118736.19878225,164973.043318726,101702.765366277
"177",176,9275.20120681523,168188.537992153,25266.640105992,158742.51189239,67112.7014469931,142733.36194259,95479.3311118901,132775.103624927,129201.209692005,119674.733030198,161136.374421864,102867.459498457
"178",177,8665.75980592565,168252.588464719,23799.6734426037,158917.698335893,63942.2664583101,143201.336218205,91550.0037085299,133442.991268823,124873.957763079,120582.100147683,157274.714245019,104004.654109331
"179",178,8095.97203404207,168312.428958529,22415.1422583182,159082.703486701,60903.0988817941,143647.135452441,87745.1618803793,134083.257082889,120623.15902824,121458.828549706,153397.07005364,105114.203101829
"180",179,7563.30758071266,168368.33358206,21108.7273735475,159238.100629809,57991.5955462315,144071.684466221,84064.2812705927,134696.78860821,116453.261984175,122305.480570833,149512.040701179,106196.023268468
"181",180,7065.39124430218,168420.558929262,19876.2996472572,159384.432879732,55204.0582528831,144475.881987509,80506.4684474735,135284.46829885,112368.136235561,123122.648237426,145627.798387857,107250.091302519
"182",181,6599.9942352197,168469.345156383,18713.9159791791,159522.214524076,52536.720391262,144860.600069175,77070.4985034369,135847.17108373,108371.099344202,123910.949302157,141752.074003699,108276.440701756
"183",182,6165.02586859713,168514.916997805,17617.8148207427,159651.932336872,49985.7709636194,145226.683684347,73754.8542458467,136385.761970889,104464.94648838,124671.023244855,137892.146774376,109275.158577588
"184",183,5758.52563168516,168557.48472394,16584.4112270853,159774.046857771,47547.3759439961,145574.950496093,70557.7592490406,136901.094181356,100651.979907555,125403.527658481,134054.837915883,110246.382401804
"185",184,5378.65562317913,168597.245043838,15610.2915886001,159888.993637166,45217.6975144042,145906.190757233,67477.2093278009,137394.007479405,96934.0379184387,126109.134988723,130246.507750394,111190.296724106
"186",185,5023.69336212386,168634.381955066,14692.208188383,159997.184429232,42992.9110696323,146221.167342808,64511.0040676258,137865.326585476,93312.5249832038,126788.529264667,126473.056220553,112107.129879772
"187",186,4692.02495527659,168669.067543531,13827.0733688645,160099.008387736,40869.2201260882,146520.615900947,61656.7751570614,138315.859880836,89788.4419973623,127442.403074029,122739.926427047,112997.150711767
"188",187,4382.1386145652,168701.462735749,13011.9539045089,160194.833156672,38842.869365185,146805.245102415,58912.0126290716,138746.398306575,86362.416111022,128071.45479081,119052.110846328,113860.665328645
"189",188,4092.61851445821,168731.71800603,12244.0652065195,160285.00594017,36910.1559656606,147075.736975549,56274.0890957885,139157.714446062,83034.7297286257,128676.386000941,115414.159982731,114698.013915226
"190",189,3822.13897731865,168759.974040968,11520.7652994322,160369.854578247,35067.4393348639,147332.747316882,53740.2821217643,139550.561764705,79805.3481560793,129257.899205592,111830.193127415,115509.567612861
"191",190,3569.4589751132,168786.36236353,10839.5489774735,160449.688538218,33311.1493836166,147576.906165988,51307.7947278605,139925.674002022,76673.9475764596,129816.69560849,108303.910934749,116295.72548334
"192",191,3333.41693509081,168811.005918972,10198.0422572383,160524.799830983,31637.7934718139,147808.818334638,48973.7740572727,140283.764707912,73639.9416860889,130353.473129808,104838.609554827,117056.911567396
"193",192,3112.92583676282,168834.019624692,9593.996122781,160595.464019913,30043.9621490133,148029.063981207,46735.3283003771,140625.526906509,70702.5069171936,130868.924638286,101437.196065889,117793.572048247
"194",193,2906.96858757689,168855.510886071,9025.28135631135,160661.941019036,28526.3338055059,148238.1992221,44589.5420121322,140951.632873278,67860.6066192471,131363.736344917,98102.205032162,118506.172508665
"195",194,2714.59366460399,168875.580080239,8489.88310184068,160724.47592466,27081.6783414743,148436.756772848,42533.4898888051,141262.73401604,65113.0140511226,131838.58636386,94835.8154154556,119195.195387392
"196",195,2534.91100969632,168894.321009621,7985.89539674676,160783.299840688,25706.8599563943,148625.246612211,40564.2490777958,141559.460850364,62458.3341381251,132294.143433053,91639.8684210218,119861.137493842
"197",196,2367.08816579301,168911.82132703,7511.51598979165,160838.630631311,24398.839152411,148804.156663332,38678.9101754895,141842.42305499,59895.0239594451,132731.065785833,88515.8859851545,120504.507613626
"198",197,2210.34664229253,168928.162933995,7065.04133101618,160890.673643041,23154.6740389627,148973.953486671,36874.5869158822,142112.209604145,57421.4116306367,133150.000180613,85465.0889624049,121125.824337574
"199",198,2063.95849773259,168943.422353901,6644.86172847505,160939.622392098,21971.5210194901,149135.082979995,35148.4246859287,142369.388964697,55035.7150421188,133551.58100691,82488.4157721975,121725.613954622
"200",199,1927.24312837063,168957.671081466,6249.45665506723,160985.659218159,20846.6349340461,149287.971081288,33497.6079721107,142614.509349028,52736.0584926614,133936.4295642,79586.5414377399,122304.408429692
"201",200,1799.56424814927,168970.975910379,5877.39024551971,161028.955904983,19777.368725859,149433.024470947,31919.3667987389,142848.099017791,50520.4873693875,134305.153487933,76759.8948522422,122862.743701328
"202",201,1680.32706569852,168983.399238594,5527.30696544806,161069.674269543,18761.1726939141,149570.631270078,30410.982243358,143070.666625413,48386.9829208969,134658.346216988,74008.6766736569,123401.157970825
"203",202,1568.97562030814,168994.999355749,5197.92745330404,161107.966720914,17795.5933879554,149701.161732142,28969.7911088103,143282.701601917,46333.4755898889,134996.586576917,71332.8770785966,123920.19009879
"204",203,1464.99028544921,169005.830711822,4888.04454032552,161143.976790014,16878.2721976704,149824.968925541,27593.1898250449,143484.674565336,44357.8569941789,135320.438465698,68732.2927235969,124420.378172384
"205",204,1367.88543135069,169015.944168009,4596.5194412535,161177.839631571,16006.9436778164,149942.389405239,26278.637650998,143677.037759452,42457.9909984406,135630.450615805,66206.543221847,124902.258172075
"206",205,1277.20723322726,169025.3872315,4322.27811440943,161209.682499478,15179.4336679099,150053.743871744,25023.6592422323,143860.225512105,40631.7237572297,135927.156432601,63755.0865744218,125366.362791066
"207",206,1192.53161507029,169034.204275303,4064.30778820084,161239.625196742,14393.6572167399,150159.337815746,23825.8466459171,144034.654709759,38876.8928136155,136211.073901056,61377.2343787567,125813.220330704
"208",207,1113.46232314356,169042.436743786,3821.65364897367,161267.780501203,13647.6163640633,150259.462147454,22682.8607809102,144200.725284445,37191.3353173808,136482.705553921,59072.1665586623,126243.353683394
"209",208,1039.62912143496,169050.123344895,3593.41568625975,161294.254568163,12939.3978113793,150354.393809685,21592.432456579,144358.820709604,35572.8953923417,136742.538495785,56838.944962921,126657.279453177
"210",209,970.686101358912,169057.300229886,3378.74569060472,161319.147311021,12267.1704799397,150444.396377697,20552.3629801664,144509.308501698,34019.4307270013,136991.044476351,54676.5263690159,127055.507160252
"211",210,906.310098970579,169064.001161386,3176.84439881072,161342.552761004,11629.1830336887,150529.720636283,19560.5243988026,144652.540724844,32528.8184050254,137228.680009634,52583.7747741307,127438.538534748
"212",211,846.199213187992,169070.257670497,2986.95878155501,161364.559407009,11023.7614104793,150610.605123097,18614.8594186387,144788.854495981,31098.960063324,137455.886531413,50559.4729630635,127806.866895785
"213",212,790.071418719318,169076.09920367,2808.37946807902,161385.25051657,10449.3061789978,150687.276693892,17713.3810401727,144918.57248844,29727.7864351106,137673.090590084,48602.333354416,128160.976610671
"214",213,737.663267970763,169081.553259985,2640.43830261703,161404.704438897,9904.28998581855,150759.951040115,16854.1719455783,145042.003431993,28413.2612819634,137880.704069016,46711.0080408045,128501.342633136
"215",214,688.728676391122,169086.645519463,2482.50602726868,161422.994890926,9387.25506586805,150828.83317807,16035.3836707697,145159.442607741,27153.384778669,138079.124435291,44884.098363633,128828.430100862
"216",215,643.037786044621,169091.399962986,2333.99008601034,161440.19122724,8896.81047472318,150894.117980124,15255.2355920346,145271.172336411,25946.1964067393,138268.735010377,43120.1640121291,129142.693992233
"217",216,600.375902563218,169095.838984361,2194.33254461456,161456.358694737,8431.62972344796,150955.990610376,14512.0137543524,145377.462458828,24789.7773886722,138449.905259807,41417.7305640196,129444.578881776
"218",217,560.542500843579,169099.983495038,2063.00812133449,161471.558672824,7990.44831681198,151014.626968388,13804.06956596,145478.570807541,23682.2527035698,138622.991098751,39775.2971138863,129734.518718036
"219",218,523.350295166289,169103.853021966,1939.52232330769,161485.848899935,7572.06124831496,151070.194139058,13129.8183715654,145574.743671033,22621.7927211985,138788.335210609,38191.3433443636,130012.936652158
"220",219,488.624369670145,169107.465799017,1823.40968378298,161499.283687094,7175.32059668491,151122.850806024,12487.7379479511,145666.216245117,21606.6144887298,138946.267376037,36664.3357496995,130280.244925511
"221",220,456.201365339975,169110.838852404,1714.23209505781,161511.914119272,6799.13316316152,151172.747652816,11876.3669567098,145753.213060885,20634.9827046341,139097.10481,35192.7334110822,130536.844796049
"222",221,425.928719918769,169113.988080491,1611.57723212567,161523.788245247,6442.45819470864,151220.027744731,11294.3032713287,145835.948427102,19705.2104092703,139241.152504769,33774.9932406053,130783.126504337
"223",222,397.663957363273,169116.928328339,1515.05706801455,161534.951255916,6104.30521937158,151264.826883786,10740.2022946775,145914.626845594,18815.659421109,139378.703576927,32409.574722601,131019.469275481
"224",223,371.274023669165,169119.673457357,1424.30646487743,161545.445653144,5783.73179210505,151307.27397524,10212.7752894468,145989.443404252,17964.7405456129,139510.039616646,31094.9442025661,131246.241352964
"225",224,346.634666093345,169122.236410357,1338.98184547628,161555.311408584,5479.84141996511,151347.491358787,9710.78753873505,146060.584196308,17150.9135809123,139635.431037739,29829.5787323878,131463.800061654
"226",225,323.629852979497,169124.629272329,1258.7599408334,161564.586113041,5191.78159387863,151385.595118981,9233.05666586535,146128.22668485,16372.6871434929,139755.13742708,28611.9695081946,131672.491896648
"227",226,302.151231569735,169126.863327199,1183.33660800651,161573.305117211,4918.74164905801,151421.695419805,8778.45092798682,146192.540059902,15628.618334913,139869.407892208,27440.6249217072,131872.65263558
"228",227,282.097621349299,169128.949110854,1112.42571392616,161581.501664297,4659.95100150616,151455.896776013,8345.88746150162,146253.685603965,14917.3122687852,139978.481406034,26314.0732473116,132064.60747175
"229",228,263.374540623625,169130.896460656,1045.75808263767,161589.207014864,4414.67734661303,151488.298327871,7934.33055061671,146311.817035167,14237.4214760093,140082.587147731,25230.8650170117,132248.671164136
"230",229,245.893764173892,169132.714561701,983.080503101091,161596.450564318,4182.22483850021,151518.994118552,7542.78991585275,146367.080838714,13587.6452044388,140181.944838983,24189.5750769255,132425.148203832
"231",230,229.572909972818,169134.411990008,924.154791651849,161603.259953746,3961.93240291261,151548.073346468,7170.31904536493,146419.616585466,12966.7286279357,140276.765074894,23188.8043533534,132594.332994456
"232",231,214.335053070525,169135.996752867,868.756910652735,161609.661173941,3753.17210954485,151575.620607423,6816.013590955,146469.557229736,12373.4619776104,140367.249648955,22227.1813611127,132756.510043995
"233",232,200.108364881283,169137.47632651,816.67613698234,161615.678663422,3555.34761058547,151601.716125699,6479.00970395956,146517.029414308,11806.6796100663,140453.59187164,21303.3634706131,132911.954166483
"234",233,186.825776214552,169138.857691301,767.714277927471,161621.335400747,3367.89263819635,151626.435974255,6158.48246103093,146562.15375285,11265.259020757,140535.976882108,20416.0379526863,133060.930691978
"235",234,174.42466250003,169140.147364595,721.684932642166,161626.652991354,3190.26956615549,151649.852284417,5853.64436489164,146605.045094409,10748.1198126101,140614.581952625,19563.922821199,133203.695683243
"236",235,162.846549756112,169141.351431417,678.412796377513,161631.651749275,3021.96803212868,151672.033445489,5563.74374099552,146645.812803139,10254.2226319953,140689.576785563,18745.7674900532,133340.496157809
"237",236,152.036839944341,169142.475573124,637.733005088027,161636.350774033,2862.50361793115,151693.04429476,5288.06333425875,146684.560998699,9782.56807367461,140761.123803616,17960.3532624533,133471.570314091
"238",237,141.944554440175,169143.525094162,599.490518145718,161640.76802299,2711.41658761784,151712.946298274,5025.91892616441,146721.388789846,9332.19556772126,140829.378432218,17206.4936677115,133597.147760462
"239",238,132.522094432396,169144.504947049,563.539537031974,161644.920379418,2568.27068084989,151731.79772279,4776.65792420318,146756.390512453,8902.18228245398,140894.489366141,16483.034660076,133717.449746231
"240",239,123.725017140405,169145.419755715,529.742957854527,161648.82371655,2432.6519597929,151749.653799314,4539.65802408202,146789.655950634,8491.64197942042,140956.598839789,15788.8546937788,133832.689393575
"241",240,115.51182681073,169146.273837286,497.971855644353,161652.492957865,2304.16770799639,151766.566878587,4314.32592032844,146821.27054786,8099.72387456268,141015.842886397,15122.8646861882,133943.071929627
"242",241,107.843779521535,169147.071222428,468.105000519441,161655.942133599,2182.44537923416,151782.586578878,4100.09606172138,146851.315609548,7725.61153492065,141072.351581085,14484.0078825257,134048.794917926
"243",242,100.684700887134,169147.81567435,440.028399902552,161659.184434181,2067.13159455726,151797.75992645,3896.42944576806,146879.868496985,7368.52171598997,141126.249291801,13871.2596328886,134150.048488571
"244",243,94.0008158136576,169148.510706536,413.634868300152,161662.232260415,1957.89118578941,151812.131489025,3702.8124572096,146907.002812795,7027.70325357662,141177.654911837,13283.6270879506,134247.015566523
"245",244,87.7605895124338,169149.159599314,388.823623039292,161665.097270604,1854.40628364324,151825.743502578,3518.75574938007,146932.78857824,6702.43600768017,141226.682075174,12720.1488278063,134339.872097511
"246",245,81.9345790294233,169149.765415318,365.499903630525,161667.790424885,1756.37544872685,151838.635991772,3343.79316632843,146957.292402707,6392.02977092064,141273.439378324,12179.8944299535,134428.787271198
"247",246,76.4952945975992,169150.331013933,343.574613317827,161670.322026973,1663.5128437188,151850.846884335,3177.48070633586,146980.577645623,6095.82319453225,141318.030592419,11661.9639818914,134513.923742634
"248",247,71.417070164492,169150.859064774,322.963981877121,161672.701763394,1575.54744501906,151862.412119662,3019.39552550697,147002.70457112,5813.18274278836,141360.554865383,11165.4875618315,134595.437843734
"249",248,66.675942489585,169151.35206028,303.589248343494,161674.938740387,1492.22229223558,151873.365751928,2869.13498040362,147023.730495719,5543.50167204264,141401.106917566,10689.6246719818,134673.479796228
"250",249,62.2495382459328,169151.812327464,285.376362496136,161677.041518612,1413.29377323119,151883.740048062,2726.31570904361,147043.709929314,5286.19905736112,141439.777224795,10233.563631407,134748.193923477
"251",250,58.1169685975034,169152.242038895,268.255704015837,161679.01814578,1338.53094629925,151893.565580391,2590.57274910071,147062.694709726,5040.71880147495,141476.652202656,9796.52095679035,134819.718850223
"252",251,54.2587307584565,169152.643222942,252.161818279832,161680.876187345,1267.71489258467,151902.871314971,2461.5586922888,147080.734131091,4806.52867944713,141511.814381708,9377.74070993605,134888.187703738
"253",252,50.656616073031,169153.017773343,237.033167818291,161682.62275536,1200.63810088319,151911.684695318,2338.94287391271,147097.875066323,4583.11943756462,141545.342570501,8976.49381024366,134953.728315188
"254",253,47.293624185055,169153.367458138,222.811898519167,161684.264535616,1137.1038834698,151920.031721734,2222.41059646717,147114.162083927,4370.00386069194,141577.312022868,8592.07738511798,135016.463398267
"255",254,44.1538828944621,169153.693928012,209.443619713363,161685.807813155,1076.92582077714,151927.937026588,2111.66238620944,147129.637559372,4166.71590399004,141607.794591808,8223.81408527328,135076.510735345
"256",255,41.2225733247097,169153.998724082,196.877197324837,161687.258496267,1019.92723329878,151935.423945768,2006.41328161846,147144.341781269,3972.80988393836,141636.85887102,7871.05138144515,135133.983360753
"257",256,38.4858600497779,169154.283285169,185.064559318292,161688.622139045,965.940679897094,151942.514586452,1906.39215264283,147158.313052589,3787.859646764,141664.570340244,7533.16086441749,135188.989734785
"258",257,35.9308258525877,169154.548954585,173.96051271861,161689.903962596,914.807481450239,151949.229891344,1811.34104965988,147171.587787107,3611.45776812571,141690.991503285,7209.53754559222,135241.633914709
"259",258,33.5454108083237,169154.796986474,163.522571520356,161691.108874992,866.377267535538,151955.589699717,1721.01458107373,147184.200601315,3443.21478935224,141716.182018455,6899.59917691531,135292.015716027
"260",259,31.3183554063683,169155.028551728,153.710794844462,161692.241490012,820.50754694408,151961.612805161,1635.17931849391,147196.184401981,3282.75847895058,141740.198824172,6602.78555745209,135340.230873024
"261",260,29.2391474434565,169155.244743514,144.487634736101,161693.306144781,777.063299628349,151967.317010371,1553.61322845603,147207.570469552,3129.73311798662,141763.096259447,6318.55783685087,135386.371196722
"262",261,27.2979724383156,169155.446582433,135.817793033865,161694.306916339,735.916589049708,151972.719179134,1476.10512966396,147218.388537596,2983.79881065302,141784.926179361,6046.39784967562,135430.524722027
"263",262,25.4856673345549,169155.635021335,127.668086773015,161695.247637229,696.946194307605,151977.835285604,1402.45417475534,147228.66686845,2844.63082002993,141805.738065692,5785.8074406817,135472.775854602
"264",263,23.7936772739802,169155.810949815,120.007321617084,161696.131910148,660.037260993268,151982.68046101,1332.46935561585,147238.432325257,2711.91892765997,141825.579132895,5536.30778359703,135513.205516514
"265",264,22.2140152369088,169155.975198416,112.806172841905,161696.963121724,625.080969848594,151987.26903794,1265.96903094875,147247.710440596,2585.36681693696,141844.494429587,5297.43876886942,135551.891274034
"266",265,20.7392243595121,169156.128542544,106.037073423751,161697.744455463,591.97422235366,151991.614592314,1202.78047670012,147256.525481643,2464.6914797065,141862.526935716,5068.75836642831,135588.90747016
"267",266,19.3623427507757,169156.271706131,99.6741088097822,161698.478903925,560.61934241471,151995.729983173,1142.73945605679,147264.900512369,2349.62264535052,141879.717655567,4849.84199259733,135624.325354058
"268",267,18.0768706434066,169156.405365049,93.6929179737381,161699.169280173,530.923793355896,151999.627390391,1085.68980935534,147272.857452749,2239.90223190041,141896.105706772,4640.28190245575,135658.213202857
"269",268,16.8767397239781,169156.530150302,88.0706003831241,161699.818228534,502.799909187835,152003.318350453,1031.48306352733,147280.417135026,2135.28381852913,141911.728405475,4439.68659218102,135690.636440657
"270",269,15.7562844978433,169156.646651005,82.7856285262531,161700.42823471,476.164640683328,152006.813790234,979.978059855591,147287.599357256,2035.53213879252,141926.621347804,4247.68023174582,135721.657749998
"271",270,14.7102155539129,169156.755417163,77.8177656681889,161701.001635296,450.939313409348,152010.124059165,931.04059898852,147294.422934271,1940.42259402975,141940.818487794,4063.90209738397,135751.337182194
"272",271,13.7335946033242,169156.856962268,73.1479885241905,161701.540626715,427.049398502261,152013.258959679,884.543102658766,147300.905746183,1849.74078628595,141954.35221191,3888.00601101086,135779.7322653
"273",272,12.8218111743724,169156.951765723,68.7584145576864,161702.047273627,404.424295619486,152016.227776022,840.364291516268,147307.064784492,1763.28207013735,141967.253410292,3719.65981507776,135806.898104065
"274",273,11.9705608538651,169157.040275103,64.6322336271154,161702.523516827,382.997127086185,152019.039301563,798.388877776961,147312.916196022,1680.85112280642,141979.551544875,3558.54484702037,135832.88747925
"275",274,11.1758249723384,169157.122908272,60.7536437223084,161702.971180678,362.704542582834,152021.70186468,758.507272906554,147318.475324645,1602.26153195014,141991.274714493,3404.35541620781,135857.750945627
"276",275,10.4338516373688,169157.200055351,57.1077905464558,161703.391980089,343.486534008344,152024.223353293,720.61530921433,147323.756750966,1527.33540051716,142002.449717105,3256.79834222754,135881.536917484
"277",276,9.74113802555978,169157.272080562,53.6807107141663,161703.787527081,325.286259973099,152026.611238107,684.613974563092,147328.774330102,1455.90296789559,142013.102109288,3115.59247655928,135904.29175705
"278",277,9.09441384970821,169157.339323948,50.4592783497516,161704.15933696,308.049879420978,152028.872594625,650.409159809263,147333.541227595,1387.80224748128,142023.25626299,2980.46823351813,135926.059860483
"279",278,8.49062592319281,169157.402102974,47.4311548826914,161704.508834115,291.726393917484,152031.014124018,617.911418375328,147338.069953574,1322.87867924259,142032.935419801,2851.16714671751,135946.883738363
"280",279,7.92692374879026,169157.460714031,44.5847418492951,161704.837357476,276.26749816098,152033.042172884,587.035737382408,147342.372395227,1260.9847966488,142042.161742861,2727.44143886169,135966.804093505
"281",280,7.40064606395393,169157.515433834,41.9091365209424,161705.146165633,261.627438292625,152034.962751982,557.701319806629,147346.459847693,1201.97990812687,142050.956366377,2609.05360514656,135985.85989582
"282",281,6.90930827909489,169157.566520724,39.3940901899649,161705.436441661,247.762877606955,152036.781553964,529.831377150912,147350.343043427,1145.72979231523,142059.339442901,2495.7760104341,136004.088454241
"283",282,6.45059074961331,169157.614215893,37.0299689542923,161705.70929765,234.632769281366,152038.503970187,503.352932142749,147354.032180118,1092.10640632792,142067.330188491,2387.39050051362,136021.525485822
"284",283,6.02232782635729,169157.65874452,34.8077168514472,161705.965778959,222.198235762199,152040.135106636,478.196630844898,147357.536947261,1040.98760659038,142074.946925847,2283.68802665824,136038.205182112
"285",284,5.62249763285547,169157.700316834,32.7188212013778,161706.206868223,210.422454464882,152041.679799003,454.296564375181,147360.866551343,992.256881902167,142082.207125468,2184.46828334654,136054.160272895
"286",285,5.24921252109527,169157.739129107,30.7552800259913,161706.433489115,199.270549460915,152043.142626975,431.590098796572,147364.029739859,945.803097923206,142089.127444999,2089.53935891295,136069.422087378
"287",286,4.9007101608178,169157.775364582,28.9095714211361,161706.646509884,188.709488841975,152044.527927773,410.017713277225,147367.034824148,901.520252973619,142095.72376675,1998.71739869224,136084.020612949
"288",287,4.57534522028724,169157.809194333,27.1746247641868,161706.846746678,178.707987467117,152045.839808969,389.522846346759,147369.889701063,859.307244697187,142102.011233506,1911.82628039819,136097.984551547
"289",288,4.27158159928135,169157.84077808,25.5437936473675,161707.034966672,169.236414813321,152047.082160634,370.051749672162,147372.601873576,819.067646867528,142108.004282716,1828.69730140612,136111.341373781
"290",289,3.98798517765405,169157.870264937,24.0108304335013,161707.211891006,160.266707664471,152048.258666839,351.553348897466,147375.178470372,780.709496049783,142113.716679132,1749.1688775887,136124.117370839
"291",290,3.72321704525222,169157.897794119,22.5698623370481,161707.378197544,151.772287387046,152049.372816554,333.979111296385,147377.626264473,744.145087745449,142119.161545956,1673.08625339102,136136.337704293
"292",291,3.47602718123931,169157.923495598,21.2153689390936,161707.534523477,143.727981553602,152050.427913969,317.282919916896,147379.951690939,709.290781603556,142124.351394556,1600.30122280936,136148.026453872
"293",292,3.24524855299783,169157.947490718,19.9421610504111,161707.681467756,136.10994968757,152051.427088272,301.420953895922,147382.160863693,676.066815314398,142129.298152827,1530.67186094145,136159.206663281
"294",293,3.02979160676218,169157.969892766,18.7453608418507,161707.819593392,128.895612914279,152052.373302907,286.351574648516,147384.259591514,644.397126821046,142134.013192252,1464.06226578483,136169.900384137
"295",294,2.82863912398107,169157.990807509,17.6203831661374,161707.949429609,122.06358731427,152053.269364346,272.035217649618,147386.253393229,614.209184496099,142138.507353723,1400.34230995748,136180.128718096
"296",295,2.64084141913409,169158.010333689,16.5629179997004,161708.071473875,115.593620785463,152054.117930401,258.434289536619,147388.147512163,585.433824859709,142142.790972182,1339.38740202057,136189.911857243
"297",296,2.46551185633793,169158.028563496,15.5689139374235,161708.186193802,109.466533230623,152054.921518085,245.513070276713,147389.946929865,558.005097844337,142146.873900103,1281.07825702309,136199.269122823
"298",297,2.30182266358188,169158.045582998,14.6345626772241,161708.294028944,103.664159896138,152055.682511072,233.237620153571,147391.656379151,531.860118897614,142150.765529906,1225.30067614938,136208.219002337
"299",298,2.14900102483649,169158.061472548,13.75628443514,161708.395392474,98.1692976970487,152056.403166752,221.575691338943,147393.280356506,506.938927587214,142154.474815371,1171.94533516748,136216.779185084
"300",299,2.00632543159024,169158.076307166,12.9307142351576,161708.490672772,92.9656543718295,152057.085622921,210.496643827068,147394.823133863,483.184352766243,142158.010292036,1120.90758082636,136224.96659628
"301",300,1.87312227659363,169158.09015689,12.1546890213476,161708.580234912,88.0378003185481,152057.731904106,199.971365519186,147396.288769801,460.541883910085,142161.380096653,1072.08723552622,136232.797429735
"302",301,1.74876267373242,169158.103087108,11.4252355430195,161708.664422058,83.371122971698,152058.343927571,189.972196255909,147397.681120188,438.959548239287,142164.591985742,1025.38840990812,136240.287179129
"303",302,1.6326594890196,169158.115158869,10.739558966553,161708.74355678,78.9517835863291,152058.923508991,180.47285560498,147399.003848284,418.387793414272,142167.653353305,980.719322907831,136247.450667991
"304",303,1.5242645686912,169158.126429166,10.0950321703401,161708.817942292,74.7666763030299,152059.472367834,171.448374220727,147400.260434358,398.779375586061,142170.571247705,937.992129002156,136254.302078428
"305",304,1.42306615132186,169158.136951209,9.48918568188334,161708.88786361,70.803389373897,152059.992132458,162.875028600558,147401.454184812,380.089252553669,142173.352387778,897.122752483381,136260.854978632
"306",305,1.32858645174419,169158.146774676,8.91969821854658,161708.953588646,67.050168435873,152060.484344934,154.730279072147,147402.588240859,362.274481801169,142176.003178185,858.030728399509,136267.122349245
"307",306,1.24037940536693,169158.155945948,8.38438779576106,161709.015369234,63.4958817237621,152060.950465614,146.992710852825,147403.665586766,345.294123199349,142178.529724063,820.63904992657,136273.11660861
"308",307,1.15802856224386,169158.164508323,7.88120336866024,161709.073442095,60.1299871208524,152061.391877467,139.641978030466,147404.689057685,329.109146162226,142180.937844995,784.87402213332,136278.849636932
"309",308,1.0811451209524,169158.172502229,7.40821697515383,161709.128029745,56.9425009504067,152061.80989017,132.658750322301,147405.661347102,313.682341059989,142183.233088328,750.665121652319,136284.332799428
"310",309,1.0093660930003,169158.179965405,6.96361635036917,161709.179341343,53.9239684163439,152062.205743997,126.024662475049,147406.585013903,298.978234698084,142185.420741877,717.944862089561,136289.576968501
"311",310,0.942352589095521,169158.186933089,6.54569798419027,161709.227573499,51.0654356062265,152062.580613491,119.722266176413,147407.462489097,284.963009679091,142187.505846036,686.648664999752,136294.592544971
"312",311,0.87978821918906,169158.193438177,6.15286059531913,161709.272911023,48.3584229742235,152062.935610947,113.734984354181,147408.296082199,271.604427473271,142189.493205332,656.714736193787,136299.389478396
"313",312,0.821377598737724,169158.199511381,5.78359899687678,161709.315527634,45.7949002260284,152063.271789714,108.047067745282,147409.0879873,258.8717550304,142191.387399434,628.083947169107,136303.977286539
"314",313,0.766844954135339,169158.205181374,5.43649833005929,161709.355586623,43.3672625318048,152063.590147312,102.643553622786,147409.840288828,246.735694772742,142193.192793658,600.69972146294,136308.365073997
"315",314,0.715932820728784,169158.210474927,5.11022864377153,161709.393241487,41.0683079971094,152063.891628394,97.5102265743219,147410.554967027,235.168317816401,142194.913548978,574.507925735574,136312.561550036
"316",315,0.668400827272397,169158.215417033,4.80353979948544,161709.428636505,38.8912163254199,152064.177127547,92.6335812305804,147411.233903158,224.1430002745,142196.553631575,549.456765364296,136316.575045678
"317",316,0.624024561082292,169158.220031023,4.51525668181358,161709.461907301,36.8295286093811,152064.447491943,88.0007868475018,147411.878884448,213.634362502262,142198.116821936,525.49668446202,136320.413530033
"318",317,0.582594508533078,169158.224338683,4.24427469645856,161709.49318136,34.8771281911858,152064.703523853,83.5996536504588,147412.491608782,203.618211150257,142199.606723537,502.580270146272,136324.084625937
"319",318,0.543915065895109,169158.22836035,3.98955553829878,161709.522578513,33.0282225356418,152064.945983024,79.4186008532432,147413.07368917,194.071483897797,142201.026771115,480.662160619659,136327.595624946
"320",319,0.507803615842469,169158.232115011,3.75012321340443,161709.550211403,31.2773260624423,152065.175588935,75.4466262689204,147413.626657985,184.972196744269,142202.380238559,459.698957208436,136330.953501671
"321",320,0.474089665271885,169158.235620395,3.52506029974996,161709.576185911,29.6192438869741,152065.393022932,71.6732774336905,147414.151970994,176.299393741562,142203.67024643,439.649140163763,136334.164927494
"322",321,0.442614040362203,169158.238893049,3.31350443230235,161709.600601563,28.0490564216621,152065.598930244,68.0886241687646,147414.651011185,168.033099055919,142204.89976913,420.472987986077,136337.236283692
"323",322,0.413228135074266,169158.241948427,3.11464499902386,161709.623551914,26.5621047923786,152065.793921899,64.6832325089443,147415.125092401,160.154271252544,142206.071641743,402.132500135337,136340.173674012
"324",323,0.385793209543329,169158.244800953,2.92772003513499,161709.645124903,25.1539770268395,152065.978576541,61.4481399301043,147415.575462802,152.644759701081,142207.188566548,384.591323020894,136342.98293669
"325",324,0.360179735051662,169158.247464095,2.7520133037424,161709.665403193,23.8204949741814,152066.153442139,58.3748318111127,147416.003308139,145.487263004589,142208.253119234,367.814679127484,136345.669655967
"326",325,0.336266782488906,169158.249950426,2.58685155165034,161709.684464483,22.5577019170616,152066.319037617,55.4552190688972,147416.40975488,138.665289359073,142209.267754823,351.769299147202,136348.239173097
"327",326,0.313941451413039,169158.252271685,2.43160192984438,161709.702381812,21.3618508396657,152066.475854393,52.6816169083903,147416.795873169,132.163118754775,142210.234813317,336.423356995086,136350.696596889
"328",327,0.293098337016472,169158.254438832,2.28566956876708,161709.719223835,20.2293933169336,152066.624357837,50.0467246319574,147417.16267964,125.965766934428,142211.156525081,321.74640758836,136353.04681379
"329",328,0.273639032480763,169158.256462099,2.14849529909789,161709.735055084,19.1569689921496,152066.764988649,47.5436064556489,147417.511140098,120.058951027546,142212.035015973,307.709327274873,136355.294497538
"330",329,0.255471664370489,169158.258351037,2.01955350930661,161709.749936223,18.141395611773,152066.898164169,45.1656732822186,147417.842172052,114.42905678344,142212.87231224,294.28425680131,136357.444118393
"331",330,0.238510458872789,169158.260114565,1.89835013177351,161709.763924271,17.1796595880293,152067.024279615,42.9066653833218,147418.156647133,109.063107329186,142213.670345176,281.444546714995,136359.499951973
"332",331,0.222675336834745,169158.26176101,1.78442074976185,161709.777072828,16.2689070613392,152067.143709254,40.7606359456656,147418.455393388,103.948733382103,142214.430955574,269.16470509802,136361.466087707
"333",332,0.207891535686668,169158.263298144,1.67732881799074,161709.789432274,15.4064354361362,152067.256807516,38.7219354381175,147418.739197455,99.0741448495229,142215.155897956,257.420347536334,136363.346436924
"334",333,0.194089256466354,169158.264733226,1.57666398999208,161709.801049969,14.589685365022,152067.363910039,36.7851967589091,147419.008806639,94.4281037516722,142215.846844619,246.18814922999,136365.144740591
"335",334,0.181203334277812,169158.266073029,1.48204054584375,161709.811970428,13.8162331575291,152067.465334672,34.9453211240965,147419.264930872,89.9998984064374,142216.505389484,235.44579915491,136366.864576714
"336",335,0.169172930628648,169158.267323881,1.39309591425581,161709.822235496,13.0837835910196,152067.561382414,33.1974646603629,147419.508244586,85.7793188175605,142217.133051763,225.171956189893,136368.509367427
"337",336,0.157941246193565,169158.268491687,1.30948928334795,161709.831884506,12.3901631024303,152067.652338308,31.5370256670805,147419.739388486,81.7566332105036,142217.731279464,215.346207126073,136370.082385765
"338",337,0.147455252647866,169158.26958196,1.2309002947961,161709.840954431,11.7333133407048,152067.738472285,29.9596325142882,147419.958971235,77.9225656627625,142218.301452722,205.949026479545,136371.586762148
"339",338,0.137665442304885,169158.270599848,1.15702781634532,161709.849480024,11.1112850608151,152067.82003997,28.4611321448975,147420.16757106,74.2682747778561,142218.844886981,196.961738030914,136373.025490585
"340",339,0.128525594375336,169158.271550157,1.08758878798633,161709.857493954,10.5222323412883,152067.897283434,27.0375791510112,147420.365737268,70.7853333545457,142219.36283602,188.366478018762,136374.401434603
"341",340,0.119992556745026,169158.272437372,1.02231713737529,161709.865026928,9.9644071081083,152067.970431919,25.6852253957362,147420.553991698,67.4657090050642,142219.856494849,180.146159916964,136375.717332931
"342",341,0.112026042240647,169158.273265685,0.960962760341683,161709.87210781,9.43615394876796,152068.03970251,24.4005101532936,147420.732830089,64.3017456782636,142220.327002456,172.284440728657,136376.975804924
"343",342,0.104588438421784,169158.274039004,0.903290562578116,161709.878763733,8.93590520110755,152068.105300789,23.1800507415794,147420.902723391,61.2861460456152,142220.775444436,164.76568873246,136378.179355762
"344",343,0.0976446300011004,169158.274760981,0.849079558840892,161709.885020201,8.4621763023862,152068.167421435,22.0206336226177,147421.064118998,58.4119547099388,142221.202855489,157.574952619178,136379.330381416
"345",344,0.0911618330543133,169158.275435024,0.798122026209854,161709.890901187,8.01356138480374,152068.226248811,20.9192059475654,147421.217441929,55.6725421985841,142221.610221809,150.697931959778,136380.431173406
"346",345,0.0851094402372133,169158.276064317,0.750222708163512,161709.896429225,7.58872910441968,152068.281957503,19.8728675240915,147421.36309595,53.0615897045576,142221.998483354,144.120948947918,136381.483923344
"347",346,0.0794588762789608,169158.27665183,0.705198066419962,161709.901625497,7.18641869110659,152068.334712845,18.8788631850575,147421.501464631,50.5730745407715,142222.368536014,137.830921362613,136382.490727287
"348",347,0.074183463069403,169158.277200337,0.662875577677126,161709.906509916,6.80543620782966,152068.384671403,17.9345755384725,147421.632912359,48.2012562742026,142222.721233676,131.815336698938,136383.453589899
"349",348,0.0692582937034507,169158.277712428,0.623093072557861,161709.911101195,6.44465100816374,152068.431981446,17.0375180796953,147421.757785296,45.9406635082844,142223.057390192,126.06222741683,136384.374428426
"350",349,0.0646601148878453,169158.27819052,0.585698114227152,161709.915416929,6.10299238154619,152068.476783381,16.1853286478032,147421.876412293,43.7860812833223,142223.377781256,120.560147260121,136385.255076511
"351",350,0.0603672171551241,169158.27863687,0.550547414300618,161709.919473654,5.77944637631988,152068.519210173,15.375763208947,147421.989105754,41.7325390661221,142223.683146192,115.298148599978,136386.097287829
"352",351,0.056359332366454,169158.279053587,0.51750628380639,161709.923286914,5.47305279114707,152068.559387736,14.6066899503682,147422.096162455,39.7752993013533,142223.97418966,110.265760758823,136386.902739576
"353",352,0.0526175380194152,169158.279442637,0.486448117096758,161709.926871322,5.18290232587366,152068.597435311,13.876083669568,147422.197864333,37.9098464984488,142224.251583277,105.452969272665,136387.673035797
"354",353,0.0491241679089434,169158.279805857,0.457253906732185,161709.930240611,4.90813388339578,152068.633465818,13.1820204438898,147422.294479221,36.1318768290516,142224.515967173,100.850196051551,136388.409710576
"355",354,0.0458627287196372,169158.280144963,0.429811787478967,161709.933407691,4.64793201452782,152068.667586189,12.5226725665137,147422.386261559,34.4372882111852,142224.767951457,96.4482803995535,136389.114231084
"356",355,0.0428178221556355,169158.280461555,0.404016607673352,161709.9363847,4.40152449829476,152068.699897687,11.8963037355557,147422.473453058,32.8221708574252,142225.008117636,92.2384608573075,136389.788000495
"357",356,0.0399750722404209,169158.280757127,0.379769526309788,161709.939183043,4.16818005047312,152068.73049621,11.3012644836333,147422.556283343,31.2827982654101,142225.237019943,88.2123578317345,136390.432360774
"358",357,0.0373210574433063,169158.281033077,0.356977634309516,161709.941813443,3.94720615358454,152068.759472567,10.7359878358838,147422.634970551,29.815618630033,142225.455186628,84.3619569790357,136391.048595346
"359",358,0.0348432473121572,169158.281290705,0.335553598518379,161709.94428598,3.73794700190632,152068.786912758,10.1989851850255,147422.709721911,28.4172466576183,142225.663121168,80.6795933085113,136391.63793165
"360",359,0.0325299433131706,169158.281531229,0.315415327069787,161709.946610127,3.53978155540387,152068.812898221,9.68884237261856,147422.780734286,27.0844557633031,142225.861303429,77.1579359761296,136392.201543574
"361",360,0.0303702235984003,169158.281755784,0.296485654830661,161709.94879479,3.35212169681294,152068.837506077,9.20421596622353,147422.848194693,25.8141706337174,142226.050190776,73.7899737380928,136392.740553794
"362",361,0.0283538914410372,169158.28196543,0.278692047725092,161709.950848341,3.17441048640546,152068.860809359,8.74382972267142,147422.912280795,24.6034601378903,142226.230219128,70.5690010359191,136393.256036008
"363",362,0.0264714271265574,169158.282161158,0.261966324802811,161709.952778647,3.0061205092619,152068.882877228,8.30647122814509,147422.973161369,23.4495305701055,142226.40180396,67.488604685771,136393.749017064
"364",363,0.024713942917416,169158.282343891,0.246244396987538,161709.954593106,2.84675231014801,152068.903775178,7.89098870623767,147423.030996751,22.349719209187,142226.565341265,64.5426511459274,136394.220479013
"365",364,0.0230731411472819,169158.282514492,0.231466021504185,161709.956298671,2.69583291135289,152068.923565232,7.49628798559423,147423.085939255,21.3014881794193,142226.721208464,61.7252743374126,136394.671361053
"366",365,0.0215412750653593,169158.282673767,0.217574571043972,161709.957901875,2.55291440909162,152068.942306125,7.12132961916166,147423.138133581,20.302418598996,142226.869765281,59.0308639938636,136395.102561404
